Country Name,Country Code,Series Name,Series Code,2020 [YR2020]
Afghanistan,AFG,GDP (current US$),NY.GDP.MKTP.CD,19955929052.1496
Afghanistan,AFG,"School enrollment, primary (gross), gender parity index (GPI)",SE.ENR.PRIM.FM.ZS,..
Afghanistan,AFG,Access to electricity (% of population),EG.ELC.ACCS.ZS,97.7
Afghanistan,AFG,"Incidence of malaria (per 1,000 population at risk)",SH.MLR.INCD.P3,8.41320002003349
Albania,ALB,GDP (current US$),NY.GDP.MKTP.CD,15241458744.8688
Albania,ALB,"School enrollment, primary (gross), gender parity index (GPI)",SE.ENR.PRIM.FM.ZS,1.02745997905731
Albania,ALB,Access to electricity (% of population),EG.ELC.ACCS.ZS,100
Albania,ALB,"Incidence of malaria (per 1,000 population at risk)",SH.MLR.INCD.P3,..
Algeria,DZA,GDP (current US$),NY.GDP.MKTP.CD,164873415325.201
Algeria,DZA,"School enrollment, primary (gross), gender parity index (GPI)",SE.ENR.PRIM.FM.ZS,0.969200015068054
Algeria,DZA,Access to electricity (% of population),EG.ELC.ACCS.ZS,99.7
Algeria,DZA,"Incidence of malaria (per 1,000 population at risk)",SH.MLR.INCD.P3,0
American Samoa,ASM,GDP (current US$),NY.GDP.MKTP.CD,721000000
American Samoa,ASM,"School enrollment, primary (gross), gender parity index (GPI)",SE.ENR.PRIM.FM.ZS,..
American Samoa,ASM,Access to electricity (% of population),EG.ELC.ACCS.ZS,..
American Samoa,ASM,"Incidence of malaria (per 1,000 population at risk)",SH.MLR.INCD.P3,..
Andorra,AND,GDP (current US$),NY.GDP.MKTP.CD,2891001149.3611
Andorra,AND,"School enrollment, primary (gross), gender parity index (GPI)",SE.ENR.PRIM.FM.ZS,..
Andorra,AND,Access to electricity (% of population),EG.ELC.ACCS.ZS,100
Andorra,AND,"Incidence of malaria (per 1,000 population at risk)",SH.MLR.INCD.P3,..
Angola,AGO,GDP (current US$),NY.GDP.MKTP.CD,48501561203.5686
Angola,AGO,"School enrollment, primary (gross), gender parity index (GPI)",SE.ENR.PRIM.FM.ZS,..
Angola,AGO,Access to electricity (% of population),EG.ELC.ACCS.ZS,47
Angola,AGO,"Incidence of malaria (per 1,000 population at risk)",SH.MLR.INCD.P3,244.013922736435
Antigua and Barbuda,ATG,GDP (current US$),NY.GDP.MKTP.CD,1410796296.2963
Antigua and Barbuda,ATG,"School enrollment, primary (gross), gender parity index (GPI)",SE.ENR.PRIM.FM.ZS,..
Antigua and Barbuda,ATG,Access to electricity (% of population),EG.ELC.ACCS.ZS,100
Antigua and Barbuda,ATG,"Incidence of malaria (per 1,000 population at risk)",SH.MLR.INCD.P3,..
Argentina,ARG,GDP (current US$),NY.GDP.MKTP.CD,385740508436.965
Argentina,ARG,"School enrollment, primary (gross), gender parity index (GPI)",SE.ENR.PRIM.FM.ZS,1.00501000881195
Argentina,ARG,Access to electricity (% of population),EG.ELC.ACCS.ZS,100
Argentina,ARG,"Incidence of malaria (per 1,000 population at risk)",SH.MLR.INCD.P3,0
Armenia,ARM,GDP (current US$),NY.GDP.MKTP.CD,12641698583.2152
Armenia,ARM,"School enrollment, primary (gross), gender parity index (GPI)",SE.ENR.PRIM.FM.ZS,1.01115000247955
Armenia,ARM,Access to electricity (% of population),EG.ELC.ACCS.ZS,100
Armenia,ARM,"Incidence of malaria (per 1,000 population at risk)",SH.MLR.INCD.P3,0
Aruba,ABW,GDP (current US$),NY.GDP.MKTP.CD,2481857122.8401
Aruba,ABW,"School enrollment, primary (gross), gender parity index (GPI)",SE.ENR.PRIM.FM.ZS,..
Aruba,ABW,Access to electricity (% of population),EG.ELC.ACCS.ZS,100
Aruba,ABW,"Incidence of malaria (per 1,000 population at risk)",SH.MLR.INCD.P3,..
Australia,AUS,GDP (current US$),NY.GDP.MKTP.CD,1328414058378.38
Australia,AUS,"School enrollment, primary (gross), gender parity index (GPI)",SE.ENR.PRIM.FM.ZS,0.998040020465851
Australia,AUS,Access to electricity (% of population),EG.ELC.ACCS.ZS,100
Australia,AUS,"Incidence of malaria (per 1,000 population at risk)",SH.MLR.INCD.P3,..
Austria,AUT,GDP (current US$),NY.GDP.MKTP.CD,434397601557.696
Austria,AUT,"School enrollment, primary (gross), gender parity index (GPI)",SE.ENR.PRIM.FM.ZS,0.994930028915405
Austria,AUT,Access to electricity (% of population),EG.ELC.ACCS.ZS,100
Austria,AUT,"Incidence of malaria (per 1,000 population at risk)",SH.MLR.INCD.P3,..
Azerbaijan,AZE,GDP (current US$),NY.GDP.MKTP.CD,42693000000
Azerbaijan,AZE,"School enrollment, primary (gross), gender parity index (GPI)",SE.ENR.PRIM.FM.ZS,1.04425001144409
Azerbaijan,AZE,Access to electricity (% of population),EG.ELC.ACCS.ZS,100
Azerbaijan,AZE,"Incidence of malaria (per 1,000 population at risk)",SH.MLR.INCD.P3,..
"Bahamas, The",BHS,GDP (current US$),NY.GDP.MKTP.CD,9958200000
"Bahamas, The",BHS,"School enrollment, primary (gross), gender parity index (GPI)",SE.ENR.PRIM.FM.ZS,..
"Bahamas, The",BHS,Access to electricity (% of population),EG.ELC.ACCS.ZS,100
"Bahamas, The",BHS,"Incidence of malaria (per 1,000 population at risk)",SH.MLR.INCD.P3,..
Bahrain,BHR,GDP (current US$),NY.GDP.MKTP.CD,35837632978.7234
Bahrain,BHR,"School enrollment, primary (gross), gender parity index (GPI)",SE.ENR.PRIM.FM.ZS,..
Bahrain,BHR,Access to electricity (% of population),EG.ELC.ACCS.ZS,100
Bahrain,BHR,"Incidence of malaria (per 1,000 population at risk)",SH.MLR.INCD.P3,..
Bangladesh,BGD,GDP (current US$),NY.GDP.MKTP.CD,373979442362.193
Bangladesh,BGD,"School enrollment, primary (gross), gender parity index (GPI)",SE.ENR.PRIM.FM.ZS,1.09301996231079
Bangladesh,BGD,Access to electricity (% of population),EG.ELC.ACCS.ZS,96.2
Bangladesh,BGD,"Incidence of malaria (per 1,000 population at risk)",SH.MLR.INCD.P3,0.418167756821788
Barbados,BRB,GDP (current US$),NY.GDP.MKTP.CD,5168344450
Barbados,BRB,"School enrollment, primary (gross), gender parity index (GPI)",SE.ENR.PRIM.FM.ZS,0.969879984855652
Barbados,BRB,Access to electricity (% of population),EG.ELC.ACCS.ZS,100
Barbados,BRB,"Incidence of malaria (per 1,000 population at risk)",SH.MLR.INCD.P3,..
Belarus,BLR,GDP (current US$),NY.GDP.MKTP.CD,61371755326.2351
Belarus,BLR,"School enrollment, primary (gross), gender parity index (GPI)",SE.ENR.PRIM.FM.ZS,1.00022995471954
Belarus,BLR,Access to electricity (% of population),EG.ELC.ACCS.ZS,100
Belarus,BLR,"Incidence of malaria (per 1,000 population at risk)",SH.MLR.INCD.P3,..
Belgium,BEL,GDP (current US$),NY.GDP.MKTP.CD,529694473501.791
Belgium,BEL,"School enrollment, primary (gross), gender parity index (GPI)",SE.ENR.PRIM.FM.ZS,1.01420998573303
Belgium,BEL,Access to electricity (% of population),EG.ELC.ACCS.ZS,100
Belgium,BEL,"Incidence of malaria (per 1,000 population at risk)",SH.MLR.INCD.P3,..
Belize,BLZ,GDP (current US$),NY.GDP.MKTP.CD,2042850000
Belize,BLZ,"School enrollment, primary (gross), gender parity index (GPI)",SE.ENR.PRIM.FM.ZS,0.954850018024445
Belize,BLZ,Access to electricity (% of population),EG.ELC.ACCS.ZS,96.8
Belize,BLZ,"Incidence of malaria (per 1,000 population at risk)",SH.MLR.INCD.P3,0
Benin,BEN,GDP (current US$),NY.GDP.MKTP.CD,15651545208.8783
Benin,BEN,"School enrollment, primary (gross), gender parity index (GPI)",SE.ENR.PRIM.FM.ZS,0.925499975681305
Benin,BEN,Access to electricity (% of population),EG.ELC.ACCS.ZS,41
Benin,BEN,"Incidence of malaria (per 1,000 population at risk)",SH.MLR.INCD.P3,378.154274066621
Bermuda,BMU,GDP (current US$),NY.GDP.MKTP.CD,6887147000
Bermuda,BMU,"School enrollment, primary (gross), gender parity index (GPI)",SE.ENR.PRIM.FM.ZS,..
Bermuda,BMU,Access to electricity (% of population),EG.ELC.ACCS.ZS,100
Bermuda,BMU,"Incidence of malaria (per 1,000 population at risk)",SH.MLR.INCD.P3,..
Bhutan,BTN,GDP (current US$),NY.GDP.MKTP.CD,2457604334.15915
Bhutan,BTN,"School enrollment, primary (gross), gender parity index (GPI)",SE.ENR.PRIM.FM.ZS,1.01517379283905
Bhutan,BTN,Access to electricity (% of population),EG.ELC.ACCS.ZS,100
Bhutan,BTN,"Incidence of malaria (per 1,000 population at risk)",SH.MLR.INCD.P3,0.0384848177394018
Bolivia,BOL,GDP (current US$),NY.GDP.MKTP.CD,36629843805.0216
Bolivia,BOL,"School enrollment, primary (gross), gender parity index (GPI)",SE.ENR.PRIM.FM.ZS,0.998340010643005
Bolivia,BOL,Access to electricity (% of population),EG.ELC.ACCS.ZS,97.2
Bolivia,BOL,"Incidence of malaria (per 1,000 population at risk)",SH.MLR.INCD.P3,3.04815553903379
Bosnia and Herzegovina,BIH,GDP (current US$),NY.GDP.MKTP.CD,20226036564.4129
Bosnia and Herzegovina,BIH,"School enrollment, primary (gross), gender parity index (GPI)",SE.ENR.PRIM.FM.ZS,..
Bosnia and Herzegovina,BIH,Access to electricity (% of population),EG.ELC.ACCS.ZS,100
Bosnia and Herzegovina,BIH,"Incidence of malaria (per 1,000 population at risk)",SH.MLR.INCD.P3,..
Botswana,BWA,GDP (current US$),NY.GDP.MKTP.CD,14960291105.9316
Botswana,BWA,"School enrollment, primary (gross), gender parity index (GPI)",SE.ENR.PRIM.FM.ZS,..
Botswana,BWA,Access to electricity (% of population),EG.ELC.ACCS.ZS,71.8
Botswana,BWA,"Incidence of malaria (per 1,000 population at risk)",SH.MLR.INCD.P3,1.04489184717805
Brazil,BRA,GDP (current US$),NY.GDP.MKTP.CD,1476107231194.11
Brazil,BRA,"School enrollment, primary (gross), gender parity index (GPI)",SE.ENR.PRIM.FM.ZS,0.952139973640442
Brazil,BRA,Access to electricity (% of population),EG.ELC.ACCS.ZS,99.7
Brazil,BRA,"Incidence of malaria (per 1,000 population at risk)",SH.MLR.INCD.P3,3.86130878850313
British Virgin Islands,VGB,GDP (current US$),NY.GDP.MKTP.CD,..
British Virgin Islands,VGB,"School enrollment, primary (gross), gender parity index (GPI)",SE.ENR.PRIM.FM.ZS,1.0149199962616
British Virgin Islands,VGB,Access to electricity (% of population),EG.ELC.ACCS.ZS,100
British Virgin Islands,VGB,"Incidence of malaria (per 1,000 population at risk)",SH.MLR.INCD.P3,..
Brunei Darussalam,BRN,GDP (current US$),NY.GDP.MKTP.CD,12005799664.2691
Brunei Darussalam,BRN,"School enrollment, primary (gross), gender parity index (GPI)",SE.ENR.PRIM.FM.ZS,1.00382149219513
Brunei Darussalam,BRN,Access to electricity (% of population),EG.ELC.ACCS.ZS,100
Brunei Darussalam,BRN,"Incidence of malaria (per 1,000 population at risk)",SH.MLR.INCD.P3,..
Bulgaria,BGR,GDP (current US$),NY.GDP.MKTP.CD,70716821234.5967
Bulgaria,BGR,"School enrollment, primary (gross), gender parity index (GPI)",SE.ENR.PRIM.FM.ZS,0.994620025157928
Bulgaria,BGR,Access to electricity (% of population),EG.ELC.ACCS.ZS,99.7
Bulgaria,BGR,"Incidence of malaria (per 1,000 population at risk)",SH.MLR.INCD.P3,..
Burkina Faso,BFA,GDP (current US$),NY.GDP.MKTP.CD,17725010532.5268
Burkina Faso,BFA,"School enrollment, primary (gross), gender parity index (GPI)",SE.ENR.PRIM.FM.ZS,1.00919997692108
Burkina Faso,BFA,Access to electricity (% of population),EG.ELC.ACCS.ZS,18.5
Burkina Faso,BFA,"Incidence of malaria (per 1,000 population at risk)",SH.MLR.INCD.P3,377.402134851017
Burundi,BDI,GDP (current US$),NY.GDP.MKTP.CD,2649680261.44299
Burundi,BDI,"School enrollment, primary (gross), gender parity index (GPI)",SE.ENR.PRIM.FM.ZS,1.01317000389099
Burundi,BDI,Access to electricity (% of population),EG.ELC.ACCS.ZS,9.1
Burundi,BDI,"Incidence of malaria (per 1,000 population at risk)",SH.MLR.INCD.P3,298.68291317338
Cabo Verde,CPV,GDP (current US$),NY.GDP.MKTP.CD,1821565617.6945
Cabo Verde,CPV,"School enrollment, primary (gross), gender parity index (GPI)",SE.ENR.PRIM.FM.ZS,..
Cabo Verde,CPV,Access to electricity (% of population),EG.ELC.ACCS.ZS,93.7
Cabo Verde,CPV,"Incidence of malaria (per 1,000 population at risk)",SH.MLR.INCD.P3,0
Cambodia,KHM,GDP (current US$),NY.GDP.MKTP.CD,34818073901.4851
Cambodia,KHM,"School enrollment, primary (gross), gender parity index (GPI)",SE.ENR.PRIM.FM.ZS,0.96986997127533
Cambodia,KHM,Access to electricity (% of population),EG.ELC.ACCS.ZS,86.4
Cambodia,KHM,"Incidence of malaria (per 1,000 population at risk)",SH.MLR.INCD.P3,3.71563672576113
Cameroon,CMR,GDP (current US$),NY.GDP.MKTP.CD,40773241177.0505
Cameroon,CMR,"School enrollment, primary (gross), gender parity index (GPI)",SE.ENR.PRIM.FM.ZS,..
Cameroon,CMR,Access to electricity (% of population),EG.ELC.ACCS.ZS,64.3
Cameroon,CMR,"Incidence of malaria (per 1,000 population at risk)",SH.MLR.INCD.P3,238.111888798225
Canada,CAN,GDP (current US$),NY.GDP.MKTP.CD,1655684730000.19
Canada,CAN,"School enrollment, primary (gross), gender parity index (GPI)",SE.ENR.PRIM.FM.ZS,0.993439972400665
Canada,CAN,Access to electricity (% of population),EG.ELC.ACCS.ZS,100
Canada,CAN,"Incidence of malaria (per 1,000 population at risk)",SH.MLR.INCD.P3,..
Cayman Islands,CYM,GDP (current US$),NY.GDP.MKTP.CD,5655358021.43209
Cayman Islands,CYM,"School enrollment, primary (gross), gender parity index (GPI)",SE.ENR.PRIM.FM.ZS,..
Cayman Islands,CYM,Access to electricity (% of population),EG.ELC.ACCS.ZS,100
Cayman Islands,CYM,"Incidence of malaria (per 1,000 population at risk)",SH.MLR.INCD.P3,..
Central African Republic,CAF,GDP (current US$),NY.GDP.MKTP.CD,2326720900.38047
Central African Republic,CAF,"School enrollment, primary (gross), gender parity index (GPI)",SE.ENR.PRIM.FM.ZS,..
Central African Republic,CAF,Access to electricity (% of population),EG.ELC.ACCS.ZS,15.4
Central African Republic,CAF,"Incidence of malaria (per 1,000 population at risk)",SH.MLR.INCD.P3,311.988912637422
Chad,TCD,GDP (current US$),NY.GDP.MKTP.CD,10715396042.3343
Chad,TCD,"School enrollment, primary (gross), gender parity index (GPI)",SE.ENR.PRIM.FM.ZS,..
Chad,TCD,Access to electricity (% of population),EG.ELC.ACCS.ZS,10.9
Chad,TCD,"Incidence of malaria (per 1,000 population at risk)",SH.MLR.INCD.P3,206.289334613257
Channel Islands,CHI,GDP (current US$),NY.GDP.MKTP.CD,9439810775.67214
Channel Islands,CHI,"School enrollment, primary (gross), gender parity index (GPI)",SE.ENR.PRIM.FM.ZS,..
Channel Islands,CHI,Access to electricity (% of population),EG.ELC.ACCS.ZS,100
Channel Islands,CHI,"Incidence of malaria (per 1,000 population at risk)",SH.MLR.INCD.P3,..
Chile,CHL,GDP (current US$),NY.GDP.MKTP.CD,254042159309.311
Chile,CHL,"School enrollment, primary (gross), gender parity index (GPI)",SE.ENR.PRIM.FM.ZS,0.967980027198792
Chile,CHL,Access to electricity (% of population),EG.ELC.ACCS.ZS,100
Chile,CHL,"Incidence of malaria (per 1,000 population at risk)",SH.MLR.INCD.P3,..
China,CHN,GDP (current US$),NY.GDP.MKTP.CD,14687744162801
China,CHN,"School enrollment, primary (gross), gender parity index (GPI)",SE.ENR.PRIM.FM.ZS,1.00977003574371
China,CHN,Access to electricity (% of population),EG.ELC.ACCS.ZS,100
China,CHN,"Incidence of malaria (per 1,000 population at risk)",SH.MLR.INCD.P3,0
Colombia,COL,GDP (current US$),NY.GDP.MKTP.CD,270348342541.465
Colombia,COL,"School enrollment, primary (gross), gender parity index (GPI)",SE.ENR.PRIM.FM.ZS,0.966480016708374
Colombia,COL,Access to electricity (% of population),EG.ELC.ACCS.ZS,99.7
Colombia,COL,"Incidence of malaria (per 1,000 population at risk)",SH.MLR.INCD.P3,9.39946196807088
Comoros,COM,GDP (current US$),NY.GDP.MKTP.CD,1225039196.61091
Comoros,COM,"School enrollment, primary (gross), gender parity index (GPI)",SE.ENR.PRIM.FM.ZS,..
Comoros,COM,Access to electricity (% of population),EG.ELC.ACCS.ZS,85.6
Comoros,COM,"Incidence of malaria (per 1,000 population at risk)",SH.MLR.INCD.P3,5.63903712138691
"Congo, Dem. Rep.",COD,GDP (current US$),NY.GDP.MKTP.CD,48716961860.1325
"Congo, Dem. Rep.",COD,"School enrollment, primary (gross), gender parity index (GPI)",SE.ENR.PRIM.FM.ZS,0.947830021381378
"Congo, Dem. Rep.",COD,Access to electricity (% of population),EG.ELC.ACCS.ZS,20.1
"Congo, Dem. Rep.",COD,"Incidence of malaria (per 1,000 population at risk)",SH.MLR.INCD.P3,326.748625313463
"Congo, Rep.",COG,GDP (current US$),NY.GDP.MKTP.CD,11468687464.0046
"Congo, Rep.",COG,"School enrollment, primary (gross), gender parity index (GPI)",SE.ENR.PRIM.FM.ZS,..
"Congo, Rep.",COG,Access to electricity (% of population),EG.ELC.ACCS.ZS,48.7
"Congo, Rep.",COG,"Incidence of malaria (per 1,000 population at risk)",SH.MLR.INCD.P3,230.550137544031
Costa Rica,CRI,GDP (current US$),NY.GDP.MKTP.CD,62395610760.0492
Costa Rica,CRI,"School enrollment, primary (gross), gender parity index (GPI)",SE.ENR.PRIM.FM.ZS,1.01698994636536
Costa Rica,CRI,Access to electricity (% of population),EG.ELC.ACCS.ZS,99.9
Costa Rica,CRI,"Incidence of malaria (per 1,000 population at risk)",SH.MLR.INCD.P3,0.0501927961068237
Cote d'Ivoire,CIV,GDP (current US$),NY.GDP.MKTP.CD,63027852805.4204
Cote d'Ivoire,CIV,"School enrollment, primary (gross), gender parity index (GPI)",SE.ENR.PRIM.FM.ZS,0.943599998950958
Cote d'Ivoire,CIV,Access to electricity (% of population),EG.ELC.ACCS.ZS,69.9
Cote d'Ivoire,CIV,"Incidence of malaria (per 1,000 population at risk)",SH.MLR.INCD.P3,269.854642304747
Croatia,HRV,GDP (current US$),NY.GDP.MKTP.CD,57963370885.0798
Croatia,HRV,"School enrollment, primary (gross), gender parity index (GPI)",SE.ENR.PRIM.FM.ZS,1.00203001499176
Croatia,HRV,Access to electricity (% of population),EG.ELC.ACCS.ZS,100
Croatia,HRV,"Incidence of malaria (per 1,000 population at risk)",SH.MLR.INCD.P3,..
Cuba,CUB,GDP (current US$),NY.GDP.MKTP.CD,107351800000
Cuba,CUB,"School enrollment, primary (gross), gender parity index (GPI)",SE.ENR.PRIM.FM.ZS,0.971319973468781
Cuba,CUB,Access to electricity (% of population),EG.ELC.ACCS.ZS,99.9
Cuba,CUB,"Incidence of malaria (per 1,000 population at risk)",SH.MLR.INCD.P3,..
Curacao,CUW,GDP (current US$),NY.GDP.MKTP.CD,2534327597.76536
Curacao,CUW,"School enrollment, primary (gross), gender parity index (GPI)",SE.ENR.PRIM.FM.ZS,0.946430027484894
Curacao,CUW,Access to electricity (% of population),EG.ELC.ACCS.ZS,100
Curacao,CUW,"Incidence of malaria (per 1,000 population at risk)",SH.MLR.INCD.P3,..
Cyprus,CYP,GDP (current US$),NY.GDP.MKTP.CD,25555093854.2968
Cyprus,CYP,"School enrollment, primary (gross), gender parity index (GPI)",SE.ENR.PRIM.FM.ZS,0.99371999502182
Cyprus,CYP,Access to electricity (% of population),EG.ELC.ACCS.ZS,100
Cyprus,CYP,"Incidence of malaria (per 1,000 population at risk)",SH.MLR.INCD.P3,..
Czechia,CZE,GDP (current US$),NY.GDP.MKTP.CD,251109660602.536
Czechia,CZE,"School enrollment, primary (gross), gender parity index (GPI)",SE.ENR.PRIM.FM.ZS,1.00294995307922
Czechia,CZE,Access to electricity (% of population),EG.ELC.ACCS.ZS,100
Czechia,CZE,"Incidence of malaria (per 1,000 population at risk)",SH.MLR.INCD.P3,..
Denmark,DNK,GDP (current US$),NY.GDP.MKTP.CD,355631021931.621
Denmark,DNK,"School enrollment, primary (gross), gender parity index (GPI)",SE.ENR.PRIM.FM.ZS,0.999549984931946
Denmark,DNK,Access to electricity (% of population),EG.ELC.ACCS.ZS,100
Denmark,DNK,"Incidence of malaria (per 1,000 population at risk)",SH.MLR.INCD.P3,..
Djibouti,DJI,GDP (current US$),NY.GDP.MKTP.CD,3185150981.03207
Djibouti,DJI,"School enrollment, primary (gross), gender parity index (GPI)",SE.ENR.PRIM.FM.ZS,0.958419978618622
Djibouti,DJI,Access to electricity (% of population),EG.ELC.ACCS.ZS,64.5
Djibouti,DJI,"Incidence of malaria (per 1,000 population at risk)",SH.MLR.INCD.P3,89.947879524763
Dominica,DMA,GDP (current US$),NY.GDP.MKTP.CD,504214814.814815
Dominica,DMA,"School enrollment, primary (gross), gender parity index (GPI)",SE.ENR.PRIM.FM.ZS,0.932869970798492
Dominica,DMA,Access to electricity (% of population),EG.ELC.ACCS.ZS,100
Dominica,DMA,"Incidence of malaria (per 1,000 population at risk)",SH.MLR.INCD.P3,..
Dominican Republic,DOM,GDP (current US$),NY.GDP.MKTP.CD,78844656298.1776
Dominican Republic,DOM,"School enrollment, primary (gross), gender parity index (GPI)",SE.ENR.PRIM.FM.ZS,0.956539988517761
Dominican Republic,DOM,Access to electricity (% of population),EG.ELC.ACCS.ZS,100
Dominican Republic,DOM,"Incidence of malaria (per 1,000 population at risk)",SH.MLR.INCD.P3,0.168184175371037
Ecuador,ECU,GDP (current US$),NY.GDP.MKTP.CD,95865472000
Ecuador,ECU,"School enrollment, primary (gross), gender parity index (GPI)",SE.ENR.PRIM.FM.ZS,1.02111995220184
Ecuador,ECU,Access to electricity (% of population),EG.ELC.ACCS.ZS,98.9
Ecuador,ECU,"Incidence of malaria (per 1,000 population at risk)",SH.MLR.INCD.P3,0.194031436503814
"Egypt, Arab Rep.",EGY,GDP (current US$),NY.GDP.MKTP.CD,383817841547.099
"Egypt, Arab Rep.",EGY,"School enrollment, primary (gross), gender parity index (GPI)",SE.ENR.PRIM.FM.ZS,..
"Egypt, Arab Rep.",EGY,Access to electricity (% of population),EG.ELC.ACCS.ZS,100
"Egypt, Arab Rep.",EGY,"Incidence of malaria (per 1,000 population at risk)",SH.MLR.INCD.P3,0
El Salvador,SLV,GDP (current US$),NY.GDP.MKTP.CD,24921190000
El Salvador,SLV,"School enrollment, primary (gross), gender parity index (GPI)",SE.ENR.PRIM.FM.ZS,..
El Salvador,SLV,Access to electricity (% of population),EG.ELC.ACCS.ZS,99.7
El Salvador,SLV,"Incidence of malaria (per 1,000 population at risk)",SH.MLR.INCD.P3,0
Equatorial Guinea,GNQ,GDP (current US$),NY.GDP.MKTP.CD,9893816007.7398
Equatorial Guinea,GNQ,"School enrollment, primary (gross), gender parity index (GPI)",SE.ENR.PRIM.FM.ZS,..
Equatorial Guinea,GNQ,Access to electricity (% of population),EG.ELC.ACCS.ZS,66.7
Equatorial Guinea,GNQ,"Incidence of malaria (per 1,000 population at risk)",SH.MLR.INCD.P3,239.742639480367
Eritrea,ERI,GDP (current US$),NY.GDP.MKTP.CD,..
Eritrea,ERI,"School enrollment, primary (gross), gender parity index (GPI)",SE.ENR.PRIM.FM.ZS,..
Eritrea,ERI,Access to electricity (% of population),EG.ELC.ACCS.ZS,51.4
Eritrea,ERI,"Incidence of malaria (per 1,000 population at risk)",SH.MLR.INCD.P3,44.6259534943367
Estonia,EST,GDP (current US$),NY.GDP.MKTP.CD,31820771493.8974
Estonia,EST,"School enrollment, primary (gross), gender parity index (GPI)",SE.ENR.PRIM.FM.ZS,1.00202000141144
Estonia,EST,Access to electricity (% of population),EG.ELC.ACCS.ZS,100
Estonia,EST,"Incidence of malaria (per 1,000 population at risk)",SH.MLR.INCD.P3,..
Eswatini,SWZ,GDP (current US$),NY.GDP.MKTP.CD,4105756862.55271
Eswatini,SWZ,"School enrollment, primary (gross), gender parity index (GPI)",SE.ENR.PRIM.FM.ZS,..
Eswatini,SWZ,Access to electricity (% of population),EG.ELC.ACCS.ZS,80
Eswatini,SWZ,"Incidence of malaria (per 1,000 population at risk)",SH.MLR.INCD.P3,0.704815432130509
Ethiopia,ETH,GDP (current US$),NY.GDP.MKTP.CD,107657734392.446
Ethiopia,ETH,"School enrollment, primary (gross), gender parity index (GPI)",SE.ENR.PRIM.FM.ZS,0.902322709560394
Ethiopia,ETH,Access to electricity (% of population),EG.ELC.ACCS.ZS,51.1
Ethiopia,ETH,"Incidence of malaria (per 1,000 population at risk)",SH.MLR.INCD.P3,53.0524726997752
Faroe Islands,FRO,GDP (current US$),NY.GDP.MKTP.CD,3271813311.5831
Faroe Islands,FRO,"School enrollment, primary (gross), gender parity index (GPI)",SE.ENR.PRIM.FM.ZS,..
Faroe Islands,FRO,Access to electricity (% of population),EG.ELC.ACCS.ZS,100
Faroe Islands,FRO,"Incidence of malaria (per 1,000 population at risk)",SH.MLR.INCD.P3,..
Fiji,FJI,GDP (current US$),NY.GDP.MKTP.CD,4432466237.09588
Fiji,FJI,"School enrollment, primary (gross), gender parity index (GPI)",SE.ENR.PRIM.FM.ZS,0.967497706413269
Fiji,FJI,Access to electricity (% of population),EG.ELC.ACCS.ZS,97.1
Fiji,FJI,"Incidence of malaria (per 1,000 population at risk)",SH.MLR.INCD.P3,..
Finland,FIN,GDP (current US$),NY.GDP.MKTP.CD,270000311606.226
Finland,FIN,"School enrollment, primary (gross), gender parity index (GPI)",SE.ENR.PRIM.FM.ZS,0.997009992599487
Finland,FIN,Access to electricity (% of population),EG.ELC.ACCS.ZS,100
Finland,FIN,"Incidence of malaria (per 1,000 population at risk)",SH.MLR.INCD.P3,..
France,FRA,GDP (current US$),NY.GDP.MKTP.CD,2647926055110.05
France,FRA,"School enrollment, primary (gross), gender parity index (GPI)",SE.ENR.PRIM.FM.ZS,0.992519974708557
France,FRA,Access to electricity (% of population),EG.ELC.ACCS.ZS,100
France,FRA,"Incidence of malaria (per 1,000 population at risk)",SH.MLR.INCD.P3,..
French Polynesia,PYF,GDP (current US$),NY.GDP.MKTP.CD,5792545870.80614
French Polynesia,PYF,"School enrollment, primary (gross), gender parity index (GPI)",SE.ENR.PRIM.FM.ZS,..
French Polynesia,PYF,Access to electricity (% of population),EG.ELC.ACCS.ZS,100
French Polynesia,PYF,"Incidence of malaria (per 1,000 population at risk)",SH.MLR.INCD.P3,..
Gabon,GAB,GDP (current US$),NY.GDP.MKTP.CD,15342236163.9864
Gabon,GAB,"School enrollment, primary (gross), gender parity index (GPI)",SE.ENR.PRIM.FM.ZS,..
Gabon,GAB,Access to electricity (% of population),EG.ELC.ACCS.ZS,91.1
Gabon,GAB,"Incidence of malaria (per 1,000 population at risk)",SH.MLR.INCD.P3,230.208154767591
"Gambia, The",GMB,GDP (current US$),NY.GDP.MKTP.CD,1812170891.19069
"Gambia, The",GMB,"School enrollment, primary (gross), gender parity index (GPI)",SE.ENR.PRIM.FM.ZS,1.11924004554749
"Gambia, The",GMB,Access to electricity (% of population),EG.ELC.ACCS.ZS,62.2
"Gambia, The",GMB,"Incidence of malaria (per 1,000 population at risk)",SH.MLR.INCD.P3,81.9337255899875
Georgia,GEO,GDP (current US$),NY.GDP.MKTP.CD,16010869215.68
Georgia,GEO,"School enrollment, primary (gross), gender parity index (GPI)",SE.ENR.PRIM.FM.ZS,1.00504004955292
Georgia,GEO,Access to electricity (% of population),EG.ELC.ACCS.ZS,100
Georgia,GEO,"Incidence of malaria (per 1,000 population at risk)",SH.MLR.INCD.P3,0
Germany,DEU,GDP (current US$),NY.GDP.MKTP.CD,3940142541354.1
Germany,DEU,"School enrollment, primary (gross), gender parity index (GPI)",SE.ENR.PRIM.FM.ZS,1.0077600479126
Germany,DEU,Access to electricity (% of population),EG.ELC.ACCS.ZS,100
Germany,DEU,"Incidence of malaria (per 1,000 population at risk)",SH.MLR.INCD.P3,..
Ghana,GHA,GDP (current US$),NY.GDP.MKTP.CD,70043099675.68
Ghana,GHA,"School enrollment, primary (gross), gender parity index (GPI)",SE.ENR.PRIM.FM.ZS,1.01759004592896
Ghana,GHA,Access to electricity (% of population),EG.ELC.ACCS.ZS,85.4
Ghana,GHA,"Incidence of malaria (per 1,000 population at risk)",SH.MLR.INCD.P3,162.438005742626
Gibraltar,GIB,GDP (current US$),NY.GDP.MKTP.CD,..
Gibraltar,GIB,"School enrollment, primary (gross), gender parity index (GPI)",SE.ENR.PRIM.FM.ZS,1.09308004379272
Gibraltar,GIB,Access to electricity (% of population),EG.ELC.ACCS.ZS,100
Gibraltar,GIB,"Incidence of malaria (per 1,000 population at risk)",SH.MLR.INCD.P3,..
Greece,GRC,GDP (current US$),NY.GDP.MKTP.CD,191362985554.861
Greece,GRC,"School enrollment, primary (gross), gender parity index (GPI)",SE.ENR.PRIM.FM.ZS,1.00756001472473
Greece,GRC,Access to electricity (% of population),EG.ELC.ACCS.ZS,100
Greece,GRC,"Incidence of malaria (per 1,000 population at risk)",SH.MLR.INCD.P3,..
Greenland,GRL,GDP (current US$),NY.GDP.MKTP.CD,3082884653.2456
Greenland,GRL,"School enrollment, primary (gross), gender parity index (GPI)",SE.ENR.PRIM.FM.ZS,..
Greenland,GRL,Access to electricity (% of population),EG.ELC.ACCS.ZS,100
Greenland,GRL,"Incidence of malaria (per 1,000 population at risk)",SH.MLR.INCD.P3,..
Grenada,GRD,GDP (current US$),NY.GDP.MKTP.CD,1043411111.11111
Grenada,GRD,"School enrollment, primary (gross), gender parity index (GPI)",SE.ENR.PRIM.FM.ZS,..
Grenada,GRD,Access to electricity (% of population),EG.ELC.ACCS.ZS,93.4
Grenada,GRD,"Incidence of malaria (per 1,000 population at risk)",SH.MLR.INCD.P3,..
Guam,GUM,GDP (current US$),NY.GDP.MKTP.CD,5916000000
Guam,GUM,"School enrollment, primary (gross), gender parity index (GPI)",SE.ENR.PRIM.FM.ZS,..
Guam,GUM,Access to electricity (% of population),EG.ELC.ACCS.ZS,100
Guam,GUM,"Incidence of malaria (per 1,000 population at risk)",SH.MLR.INCD.P3,..
Guatemala,GTM,GDP (current US$),NY.GDP.MKTP.CD,77719464220.73
Guatemala,GTM,"School enrollment, primary (gross), gender parity index (GPI)",SE.ENR.PRIM.FM.ZS,0.981639981269836
Guatemala,GTM,Access to electricity (% of population),EG.ELC.ACCS.ZS,96.6
Guatemala,GTM,"Incidence of malaria (per 1,000 population at risk)",SH.MLR.INCD.P3,0.0946788863718326
Guinea,GIN,GDP (current US$),NY.GDP.MKTP.CD,14088693742.9464
Guinea,GIN,"School enrollment, primary (gross), gender parity index (GPI)",SE.ENR.PRIM.FM.ZS,0.848070025444031
Guinea,GIN,Access to electricity (% of population),EG.ELC.ACCS.ZS,44.7
Guinea,GIN,"Incidence of malaria (per 1,000 population at risk)",SH.MLR.INCD.P3,334.458449667338
Guinea-Bissau,GNB,GDP (current US$),NY.GDP.MKTP.CD,1646400349.84867
Guinea-Bissau,GNB,"School enrollment, primary (gross), gender parity index (GPI)",SE.ENR.PRIM.FM.ZS,..
Guinea-Bissau,GNB,Access to electricity (% of population),EG.ELC.ACCS.ZS,33.4
Guinea-Bissau,GNB,"Incidence of malaria (per 1,000 population at risk)",SH.MLR.INCD.P3,90.4898632224575
Guyana,GUY,GDP (current US$),NY.GDP.MKTP.CD,5471256594.72422
Guyana,GUY,"School enrollment, primary (gross), gender parity index (GPI)",SE.ENR.PRIM.FM.ZS,..
Guyana,GUY,Access to electricity (% of population),EG.ELC.ACCS.ZS,92.3
Guyana,GUY,"Incidence of malaria (per 1,000 population at risk)",SH.MLR.INCD.P3,27.7131768359839
Haiti,HTI,GDP (current US$),NY.GDP.MKTP.CD,14508222518.3018
Haiti,HTI,"School enrollment, primary (gross), gender parity index (GPI)",SE.ENR.PRIM.FM.ZS,..
Haiti,HTI,Access to electricity (% of population),EG.ELC.ACCS.ZS,46.3
Haiti,HTI,"Incidence of malaria (per 1,000 population at risk)",SH.MLR.INCD.P3,4.04643881508519
Honduras,HND,GDP (current US$),NY.GDP.MKTP.CD,23352232483.755
Honduras,HND,"School enrollment, primary (gross), gender parity index (GPI)",SE.ENR.PRIM.FM.ZS,..
Honduras,HND,Access to electricity (% of population),EG.ELC.ACCS.ZS,93.1
Honduras,HND,"Incidence of malaria (per 1,000 population at risk)",SH.MLR.INCD.P3,0.119760583541624
"Hong Kong SAR, China",HKG,GDP (current US$),NY.GDP.MKTP.CD,344943149590.058
"Hong Kong SAR, China",HKG,"School enrollment, primary (gross), gender parity index (GPI)",SE.ENR.PRIM.FM.ZS,1.04240000247955
"Hong Kong SAR, China",HKG,Access to electricity (% of population),EG.ELC.ACCS.ZS,100
"Hong Kong SAR, China",HKG,"Incidence of malaria (per 1,000 population at risk)",SH.MLR.INCD.P3,..
Hungary,HUN,GDP (current US$),NY.GDP.MKTP.CD,157288955508.176
Hungary,HUN,"School enrollment, primary (gross), gender parity index (GPI)",SE.ENR.PRIM.FM.ZS,0.979170024394989
Hungary,HUN,Access to electricity (% of population),EG.ELC.ACCS.ZS,100
Hungary,HUN,"Incidence of malaria (per 1,000 population at risk)",SH.MLR.INCD.P3,..
Iceland,ISL,GDP (current US$),NY.GDP.MKTP.CD,21629953194.0659
Iceland,ISL,"School enrollment, primary (gross), gender parity index (GPI)",SE.ENR.PRIM.FM.ZS,1.00788998603821
Iceland,ISL,Access to electricity (% of population),EG.ELC.ACCS.ZS,100
Iceland,ISL,"Incidence of malaria (per 1,000 population at risk)",SH.MLR.INCD.P3,..
India,IND,GDP (current US$),NY.GDP.MKTP.CD,2674851578587.27
India,IND,"School enrollment, primary (gross), gender parity index (GPI)",SE.ENR.PRIM.FM.ZS,1.01903808116913
India,IND,Access to electricity (% of population),EG.ELC.ACCS.ZS,96.5
India,IND,"Incidence of malaria (per 1,000 population at risk)",SH.MLR.INCD.P3,3.75363408787146
Indonesia,IDN,GDP (current US$),NY.GDP.MKTP.CD,1059054842711.55
Indonesia,IDN,"School enrollment, primary (gross), gender parity index (GPI)",SE.ENR.PRIM.FM.ZS,..
Indonesia,IDN,Access to electricity (% of population),EG.ELC.ACCS.ZS,97
Indonesia,IDN,"Incidence of malaria (per 1,000 population at risk)",SH.MLR.INCD.P3,2.82977894811432
"Iran, Islamic Rep.",IRN,GDP (current US$),NY.GDP.MKTP.CD,262186179355.944
"Iran, Islamic Rep.",IRN,"School enrollment, primary (gross), gender parity index (GPI)",SE.ENR.PRIM.FM.ZS,1.06061995029449
"Iran, Islamic Rep.",IRN,Access to electricity (% of population),EG.ELC.ACCS.ZS,100
"Iran, Islamic Rep.",IRN,"Incidence of malaria (per 1,000 population at risk)",SH.MLR.INCD.P3,0
Iraq,IRQ,GDP (current US$),NY.GDP.MKTP.CD,180898797516.874
Iraq,IRQ,"School enrollment, primary (gross), gender parity index (GPI)",SE.ENR.PRIM.FM.ZS,..
Iraq,IRQ,Access to electricity (% of population),EG.ELC.ACCS.ZS,100
Iraq,IRQ,"Incidence of malaria (per 1,000 population at risk)",SH.MLR.INCD.P3,0
Ireland,IRL,GDP (current US$),NY.GDP.MKTP.CD,436555518400.451
Ireland,IRL,"School enrollment, primary (gross), gender parity index (GPI)",SE.ENR.PRIM.FM.ZS,0.996510028839111
Ireland,IRL,Access to electricity (% of population),EG.ELC.ACCS.ZS,100
Ireland,IRL,"Incidence of malaria (per 1,000 population at risk)",SH.MLR.INCD.P3,..
Isle of Man,IMN,GDP (current US$),NY.GDP.MKTP.CD,6684225641.02564
Isle of Man,IMN,"School enrollment, primary (gross), gender parity index (GPI)",SE.ENR.PRIM.FM.ZS,..
Isle of Man,IMN,Access to electricity (% of population),EG.ELC.ACCS.ZS,100
Isle of Man,IMN,"Incidence of malaria (per 1,000 population at risk)",SH.MLR.INCD.P3,..
Israel,ISR,GDP (current US$),NY.GDP.MKTP.CD,411728563086.632
Israel,ISR,"School enrollment, primary (gross), gender parity index (GPI)",SE.ENR.PRIM.FM.ZS,1.01163995265961
Israel,ISR,Access to electricity (% of population),EG.ELC.ACCS.ZS,100
Israel,ISR,"Incidence of malaria (per 1,000 population at risk)",SH.MLR.INCD.P3,..
Italy,ITA,GDP (current US$),NY.GDP.MKTP.CD,1907481094079.23
Italy,ITA,"School enrollment, primary (gross), gender parity index (GPI)",SE.ENR.PRIM.FM.ZS,0.999210000038147
Italy,ITA,Access to electricity (% of population),EG.ELC.ACCS.ZS,100
Italy,ITA,"Incidence of malaria (per 1,000 population at risk)",SH.MLR.INCD.P3,..
Jamaica,JAM,GDP (current US$),NY.GDP.MKTP.CD,13812421803.4084
Jamaica,JAM,"School enrollment, primary (gross), gender parity index (GPI)",SE.ENR.PRIM.FM.ZS,..
Jamaica,JAM,Access to electricity (% of population),EG.ELC.ACCS.ZS,99.7
Jamaica,JAM,"Incidence of malaria (per 1,000 population at risk)",SH.MLR.INCD.P3,..
Japan,JPN,GDP (current US$),NY.GDP.MKTP.CD,5055587093501.59
Japan,JPN,"School enrollment, primary (gross), gender parity index (GPI)",SE.ENR.PRIM.FM.ZS,..
Japan,JPN,Access to electricity (% of population),EG.ELC.ACCS.ZS,100
Japan,JPN,"Incidence of malaria (per 1,000 population at risk)",SH.MLR.INCD.P3,..
Jordan,JOR,GDP (current US$),NY.GDP.MKTP.CD,43700383098.5916
Jordan,JOR,"School enrollment, primary (gross), gender parity index (GPI)",SE.ENR.PRIM.FM.ZS,0.987240016460419
Jordan,JOR,Access to electricity (% of population),EG.ELC.ACCS.ZS,99.9
Jordan,JOR,"Incidence of malaria (per 1,000 population at risk)",SH.MLR.INCD.P3,..
Kazakhstan,KAZ,GDP (current US$),NY.GDP.MKTP.CD,171082365861.423
Kazakhstan,KAZ,"School enrollment, primary (gross), gender parity index (GPI)",SE.ENR.PRIM.FM.ZS,0.997829973697662
Kazakhstan,KAZ,Access to electricity (% of population),EG.ELC.ACCS.ZS,100
Kazakhstan,KAZ,"Incidence of malaria (per 1,000 population at risk)",SH.MLR.INCD.P3,..
Kenya,KEN,GDP (current US$),NY.GDP.MKTP.CD,100657505750.545
Kenya,KEN,"School enrollment, primary (gross), gender parity index (GPI)",SE.ENR.PRIM.FM.ZS,..
Kenya,KEN,Access to electricity (% of population),EG.ELC.ACCS.ZS,71.5
Kenya,KEN,"Incidence of malaria (per 1,000 population at risk)",SH.MLR.INCD.P3,62.0229416582766
Kiribati,KIR,GDP (current US$),NY.GDP.MKTP.CD,223123620.597516
Kiribati,KIR,"School enrollment, primary (gross), gender parity index (GPI)",SE.ENR.PRIM.FM.ZS,1.0568300485611
Kiribati,KIR,Access to electricity (% of population),EG.ELC.ACCS.ZS,91
Kiribati,KIR,"Incidence of malaria (per 1,000 population at risk)",SH.MLR.INCD.P3,..
"Korea, Dem. People's Rep.",PRK,GDP (current US$),NY.GDP.MKTP.CD,..
"Korea, Dem. People's Rep.",PRK,"School enrollment, primary (gross), gender parity index (GPI)",SE.ENR.PRIM.FM.ZS,..
"Korea, Dem. People's Rep.",PRK,Access to electricity (% of population),EG.ELC.ACCS.ZS,50.5
"Korea, Dem. People's Rep.",PRK,"Incidence of malaria (per 1,000 population at risk)",SH.MLR.INCD.P3,0.179877030959022
"Korea, Rep.",KOR,GDP (current US$),NY.GDP.MKTP.CD,1644312831906.17
"Korea, Rep.",KOR,"School enrollment, primary (gross), gender parity index (GPI)",SE.ENR.PRIM.FM.ZS,0.998160004615784
"Korea, Rep.",KOR,Access to electricity (% of population),EG.ELC.ACCS.ZS,100
"Korea, Rep.",KOR,"Incidence of malaria (per 1,000 population at risk)",SH.MLR.INCD.P3,0.0980951898086813
Kosovo,XKX,GDP (current US$),NY.GDP.MKTP.CD,7717145217.81247
Kosovo,XKX,"School enrollment, primary (gross), gender parity index (GPI)",SE.ENR.PRIM.FM.ZS,..
Kosovo,XKX,Access to electricity (% of population),EG.ELC.ACCS.ZS,..
Kosovo,XKX,"Incidence of malaria (per 1,000 population at risk)",SH.MLR.INCD.P3,..
Kuwait,KWT,GDP (current US$),NY.GDP.MKTP.CD,111045470461.207
Kuwait,KWT,"School enrollment, primary (gross), gender parity index (GPI)",SE.ENR.PRIM.FM.ZS,1.12817001342773
Kuwait,KWT,Access to electricity (% of population),EG.ELC.ACCS.ZS,100
Kuwait,KWT,"Incidence of malaria (per 1,000 population at risk)",SH.MLR.INCD.P3,..
Kyrgyz Republic,KGZ,GDP (current US$),NY.GDP.MKTP.CD,8270468614.24051
Kyrgyz Republic,KGZ,"School enrollment, primary (gross), gender parity index (GPI)",SE.ENR.PRIM.FM.ZS,0.996349990367889
Kyrgyz Republic,KGZ,Access to electricity (% of population),EG.ELC.ACCS.ZS,99.9
Kyrgyz Republic,KGZ,"Incidence of malaria (per 1,000 population at risk)",SH.MLR.INCD.P3,0
Lao PDR,LAO,GDP (current US$),NY.GDP.MKTP.CD,18981805250.2424
Lao PDR,LAO,"School enrollment, primary (gross), gender parity index (GPI)",SE.ENR.PRIM.FM.ZS,0.967871189117432
Lao PDR,LAO,Access to electricity (% of population),EG.ELC.ACCS.ZS,99.3
Lao PDR,LAO,"Incidence of malaria (per 1,000 population at risk)",SH.MLR.INCD.P3,1.48980739631345
Latvia,LVA,GDP (current US$),NY.GDP.MKTP.CD,33379927434.6149
Latvia,LVA,"School enrollment, primary (gross), gender parity index (GPI)",SE.ENR.PRIM.FM.ZS,1.00128996372223
Latvia,LVA,Access to electricity (% of population),EG.ELC.ACCS.ZS,100
Latvia,LVA,"Incidence of malaria (per 1,000 population at risk)",SH.MLR.INCD.P3,..
Lebanon,LBN,GDP (current US$),NY.GDP.MKTP.CD,31712128253.7961
Lebanon,LBN,"School enrollment, primary (gross), gender parity index (GPI)",SE.ENR.PRIM.FM.ZS,..
Lebanon,LBN,Access to electricity (% of population),EG.ELC.ACCS.ZS,100
Lebanon,LBN,"Incidence of malaria (per 1,000 population at risk)",SH.MLR.INCD.P3,..
Lesotho,LSO,GDP (current US$),NY.GDP.MKTP.CD,2053699870.07191
Lesotho,LSO,"School enrollment, primary (gross), gender parity index (GPI)",SE.ENR.PRIM.FM.ZS,..
Lesotho,LSO,Access to electricity (% of population),EG.ELC.ACCS.ZS,47.5
Lesotho,LSO,"Incidence of malaria (per 1,000 population at risk)",SH.MLR.INCD.P3,..
Liberia,LBR,GDP (current US$),NY.GDP.MKTP.CD,3176126300
Liberia,LBR,"School enrollment, primary (gross), gender parity index (GPI)",SE.ENR.PRIM.FM.ZS,0.995360016822815
Liberia,LBR,Access to electricity (% of population),EG.ELC.ACCS.ZS,27.6
Liberia,LBR,"Incidence of malaria (per 1,000 population at risk)",SH.MLR.INCD.P3,376.225925704617
Libya,LBY,GDP (current US$),NY.GDP.MKTP.CD,46854285440.642
Libya,LBY,"School enrollment, primary (gross), gender parity index (GPI)",SE.ENR.PRIM.FM.ZS,..
Libya,LBY,Access to electricity (% of population),EG.ELC.ACCS.ZS,69.4
Libya,LBY,"Incidence of malaria (per 1,000 population at risk)",SH.MLR.INCD.P3,..
Liechtenstein,LIE,GDP (current US$),NY.GDP.MKTP.CD,6405870210.32293
Liechtenstein,LIE,"School enrollment, primary (gross), gender parity index (GPI)",SE.ENR.PRIM.FM.ZS,0.973429977893829
Liechtenstein,LIE,Access to electricity (% of population),EG.ELC.ACCS.ZS,100
Liechtenstein,LIE,"Incidence of malaria (per 1,000 population at risk)",SH.MLR.INCD.P3,..
Lithuania,LTU,GDP (current US$),NY.GDP.MKTP.CD,57412038533.2718
Lithuania,LTU,"School enrollment, primary (gross), gender parity index (GPI)",SE.ENR.PRIM.FM.ZS,1.00065994262695
Lithuania,LTU,Access to electricity (% of population),EG.ELC.ACCS.ZS,100
Lithuania,LTU,"Incidence of malaria (per 1,000 population at risk)",SH.MLR.INCD.P3,..
Luxembourg,LUX,GDP (current US$),NY.GDP.MKTP.CD,73699366700.2134
Luxembourg,LUX,"School enrollment, primary (gross), gender parity index (GPI)",SE.ENR.PRIM.FM.ZS,0.986010015010834
Luxembourg,LUX,Access to electricity (% of population),EG.ELC.ACCS.ZS,100
Luxembourg,LUX,"Incidence of malaria (per 1,000 population at risk)",SH.MLR.INCD.P3,..
"Macao SAR, China",MAC,GDP (current US$),NY.GDP.MKTP.CD,25343525935.8358
"Macao SAR, China",MAC,"School enrollment, primary (gross), gender parity index (GPI)",SE.ENR.PRIM.FM.ZS,0.975019991397858
"Macao SAR, China",MAC,Access to electricity (% of population),EG.ELC.ACCS.ZS,100
"Macao SAR, China",MAC,"Incidence of malaria (per 1,000 population at risk)",SH.MLR.INCD.P3,..
Madagascar,MDG,GDP (current US$),NY.GDP.MKTP.CD,13051441203.9474
Madagascar,MDG,"School enrollment, primary (gross), gender parity index (GPI)",SE.ENR.PRIM.FM.ZS,..
Madagascar,MDG,Access to electricity (% of population),EG.ELC.ACCS.ZS,32
Madagascar,MDG,"Incidence of malaria (per 1,000 population at risk)",SH.MLR.INCD.P3,142.104516903632
Malawi,MWI,GDP (current US$),NY.GDP.MKTP.CD,11769313597.8545
Malawi,MWI,"School enrollment, primary (gross), gender parity index (GPI)",SE.ENR.PRIM.FM.ZS,..
Malawi,MWI,Access to electricity (% of population),EG.ELC.ACCS.ZS,11.5
Malawi,MWI,"Incidence of malaria (per 1,000 population at risk)",SH.MLR.INCD.P3,219.467297928582
Malaysia,MYS,GDP (current US$),NY.GDP.MKTP.CD,337456163961.211
Malaysia,MYS,"School enrollment, primary (gross), gender parity index (GPI)",SE.ENR.PRIM.FM.ZS,1.0134334564209
Malaysia,MYS,Access to electricity (% of population),EG.ELC.ACCS.ZS,100
Malaysia,MYS,"Incidence of malaria (per 1,000 population at risk)",SH.MLR.INCD.P3,0
Maldives,MDV,GDP (current US$),NY.GDP.MKTP.CD,3712604583.36665
Maldives,MDV,"School enrollment, primary (gross), gender parity index (GPI)",SE.ENR.PRIM.FM.ZS,0.996202707290649
Maldives,MDV,Access to electricity (% of population),EG.ELC.ACCS.ZS,100
Maldives,MDV,"Incidence of malaria (per 1,000 population at risk)",SH.MLR.INCD.P3,..
Mali,MLI,GDP (current US$),NY.GDP.MKTP.CD,17465392764.3706
Mali,MLI,"School enrollment, primary (gross), gender parity index (GPI)",SE.ENR.PRIM.FM.ZS,0.907537221908569
Mali,MLI,Access to electricity (% of population),EG.ELC.ACCS.ZS,50.6
Mali,MLI,"Incidence of malaria (per 1,000 population at risk)",SH.MLR.INCD.P3,357.450233199884
Malta,MLT,GDP (current US$),NY.GDP.MKTP.CD,16385919535.6742
Malta,MLT,"School enrollment, primary (gross), gender parity index (GPI)",SE.ENR.PRIM.FM.ZS,0.996710002422333
Malta,MLT,Access to electricity (% of population),EG.ELC.ACCS.ZS,100
Malta,MLT,"Incidence of malaria (per 1,000 population at risk)",SH.MLR.INCD.P3,..
Marshall Islands,MHL,GDP (current US$),NY.GDP.MKTP.CD,241800000
Marshall Islands,MHL,"School enrollment, primary (gross), gender parity index (GPI)",SE.ENR.PRIM.FM.ZS,0.961610019207001
Marshall Islands,MHL,Access to electricity (% of population),EG.ELC.ACCS.ZS,98.3
Marshall Islands,MHL,"Incidence of malaria (per 1,000 population at risk)",SH.MLR.INCD.P3,..
Mauritania,MRT,GDP (current US$),NY.GDP.MKTP.CD,8260752385.23089
Mauritania,MRT,"School enrollment, primary (gross), gender parity index (GPI)",SE.ENR.PRIM.FM.ZS,1.07184994220734
Mauritania,MRT,Access to electricity (% of population),EG.ELC.ACCS.ZS,45.4
Mauritania,MRT,"Incidence of malaria (per 1,000 population at risk)",SH.MLR.INCD.P3,44.8519140604508
Mauritius,MUS,GDP (current US$),NY.GDP.MKTP.CD,11408106446.3144
Mauritius,MUS,"School enrollment, primary (gross), gender parity index (GPI)",SE.ENR.PRIM.FM.ZS,1.02310848236084
Mauritius,MUS,Access to electricity (% of population),EG.ELC.ACCS.ZS,99.5
Mauritius,MUS,"Incidence of malaria (per 1,000 population at risk)",SH.MLR.INCD.P3,..
Mexico,MEX,GDP (current US$),NY.GDP.MKTP.CD,1121064767261.88
Mexico,MEX,"School enrollment, primary (gross), gender parity index (GPI)",SE.ENR.PRIM.FM.ZS,1.00940001010895
Mexico,MEX,Access to electricity (% of population),EG.ELC.ACCS.ZS,99.4
Mexico,MEX,"Incidence of malaria (per 1,000 population at risk)",SH.MLR.INCD.P3,0.133275231322375
"Micronesia, Fed. Sts.",FSM,GDP (current US$),NY.GDP.MKTP.CD,372000000
"Micronesia, Fed. Sts.",FSM,"School enrollment, primary (gross), gender parity index (GPI)",SE.ENR.PRIM.FM.ZS,0.995851039886475
"Micronesia, Fed. Sts.",FSM,Access to electricity (% of population),EG.ELC.ACCS.ZS,81.9
"Micronesia, Fed. Sts.",FSM,"Incidence of malaria (per 1,000 population at risk)",SH.MLR.INCD.P3,..
Moldova,MDA,GDP (current US$),NY.GDP.MKTP.CD,11530746234.4492
Moldova,MDA,"School enrollment, primary (gross), gender parity index (GPI)",SE.ENR.PRIM.FM.ZS,0.982169985771179
Moldova,MDA,Access to electricity (% of population),EG.ELC.ACCS.ZS,100
Moldova,MDA,"Incidence of malaria (per 1,000 population at risk)",SH.MLR.INCD.P3,..
Monaco,MCO,GDP (current US$),NY.GDP.MKTP.CD,6730736282.78961
Monaco,MCO,"School enrollment, primary (gross), gender parity index (GPI)",SE.ENR.PRIM.FM.ZS,..
Monaco,MCO,Access to electricity (% of population),EG.ELC.ACCS.ZS,100
Monaco,MCO,"Incidence of malaria (per 1,000 population at risk)",SH.MLR.INCD.P3,..
Mongolia,MNG,GDP (current US$),NY.GDP.MKTP.CD,13312981429.0891
Mongolia,MNG,"School enrollment, primary (gross), gender parity index (GPI)",SE.ENR.PRIM.FM.ZS,0.978658974170685
Mongolia,MNG,Access to electricity (% of population),EG.ELC.ACCS.ZS,99.5
Mongolia,MNG,"Incidence of malaria (per 1,000 population at risk)",SH.MLR.INCD.P3,..
Montenegro,MNE,GDP (current US$),NY.GDP.MKTP.CD,4769996866.00758
Montenegro,MNE,"School enrollment, primary (gross), gender parity index (GPI)",SE.ENR.PRIM.FM.ZS,0.999419987201691
Montenegro,MNE,Access to electricity (% of population),EG.ELC.ACCS.ZS,99.9
Montenegro,MNE,"Incidence of malaria (per 1,000 population at risk)",SH.MLR.INCD.P3,..
Morocco,MAR,GDP (current US$),NY.GDP.MKTP.CD,121353645057.144
Morocco,MAR,"School enrollment, primary (gross), gender parity index (GPI)",SE.ENR.PRIM.FM.ZS,0.970459997653961
Morocco,MAR,Access to electricity (% of population),EG.ELC.ACCS.ZS,100
Morocco,MAR,"Incidence of malaria (per 1,000 population at risk)",SH.MLR.INCD.P3,0
Mozambique,MOZ,GDP (current US$),NY.GDP.MKTP.CD,14235420174.1884
Mozambique,MOZ,"School enrollment, primary (gross), gender parity index (GPI)",SE.ENR.PRIM.FM.ZS,0.942839980125427
Mozambique,MOZ,Access to electricity (% of population),EG.ELC.ACCS.ZS,30.6
Mozambique,MOZ,"Incidence of malaria (per 1,000 population at risk)",SH.MLR.INCD.P3,314.895645167912
Myanmar,MMR,GDP (current US$),NY.GDP.MKTP.CD,79006113643.1906
Myanmar,MMR,"School enrollment, primary (gross), gender parity index (GPI)",SE.ENR.PRIM.FM.ZS,..
Myanmar,MMR,Access to electricity (% of population),EG.ELC.ACCS.ZS,70.4
Myanmar,MMR,"Incidence of malaria (per 1,000 population at risk)",SH.MLR.INCD.P3,1.76483364008733
Namibia,NAM,GDP (current US$),NY.GDP.MKTP.CD,10583748541.5258
Namibia,NAM,"School enrollment, primary (gross), gender parity index (GPI)",SE.ENR.PRIM.FM.ZS,0.96791535615921
Namibia,NAM,Access to electricity (% of population),EG.ELC.ACCS.ZS,52.3
Namibia,NAM,"Incidence of malaria (per 1,000 population at risk)",SH.MLR.INCD.P3,10.2200664972433
Nauru,NRU,GDP (current US$),NY.GDP.MKTP.CD,124530027.301054
Nauru,NRU,"School enrollment, primary (gross), gender parity index (GPI)",SE.ENR.PRIM.FM.ZS,1.03106999397278
Nauru,NRU,Access to electricity (% of population),EG.ELC.ACCS.ZS,100
Nauru,NRU,"Incidence of malaria (per 1,000 population at risk)",SH.MLR.INCD.P3,..
Nepal,NPL,GDP (current US$),NY.GDP.MKTP.CD,33433659301.2466
Nepal,NPL,"School enrollment, primary (gross), gender parity index (GPI)",SE.ENR.PRIM.FM.ZS,0.989560008049011
Nepal,NPL,Access to electricity (% of population),EG.ELC.ACCS.ZS,89.9
Nepal,NPL,"Incidence of malaria (per 1,000 population at risk)",SH.MLR.INCD.P3,0.00856479194712449
Netherlands,NLD,GDP (current US$),NY.GDP.MKTP.CD,932560861701.17
Netherlands,NLD,"School enrollment, primary (gross), gender parity index (GPI)",SE.ENR.PRIM.FM.ZS,0.998040020465851
Netherlands,NLD,Access to electricity (% of population),EG.ELC.ACCS.ZS,100
Netherlands,NLD,"Incidence of malaria (per 1,000 population at risk)",SH.MLR.INCD.P3,..
New Caledonia,NCL,GDP (current US$),NY.GDP.MKTP.CD,9454629467.91408
New Caledonia,NCL,"School enrollment, primary (gross), gender parity index (GPI)",SE.ENR.PRIM.FM.ZS,..
New Caledonia,NCL,Access to electricity (% of population),EG.ELC.ACCS.ZS,100
New Caledonia,NCL,"Incidence of malaria (per 1,000 population at risk)",SH.MLR.INCD.P3,..
New Zealand,NZL,GDP (current US$),NY.GDP.MKTP.CD,212697530897.56
New Zealand,NZL,"School enrollment, primary (gross), gender parity index (GPI)",SE.ENR.PRIM.FM.ZS,1.0025600194931
New Zealand,NZL,Access to electricity (% of population),EG.ELC.ACCS.ZS,100
New Zealand,NZL,"Incidence of malaria (per 1,000 population at risk)",SH.MLR.INCD.P3,..
Nicaragua,NIC,GDP (current US$),NY.GDP.MKTP.CD,12681569254.2815
Nicaragua,NIC,"School enrollment, primary (gross), gender parity index (GPI)",SE.ENR.PRIM.FM.ZS,0.993812501430511
Nicaragua,NIC,Access to electricity (% of population),EG.ELC.ACCS.ZS,86
Nicaragua,NIC,"Incidence of malaria (per 1,000 population at risk)",SH.MLR.INCD.P3,5.46139255165565
Niger,NER,GDP (current US$),NY.GDP.MKTP.CD,13744653103.058
Niger,NER,"School enrollment, primary (gross), gender parity index (GPI)",SE.ENR.PRIM.FM.ZS,0.898125231266022
Niger,NER,Access to electricity (% of population),EG.ELC.ACCS.ZS,18.7
Niger,NER,"Incidence of malaria (per 1,000 population at risk)",SH.MLR.INCD.P3,322.408936764085
Nigeria,NGA,GDP (current US$),NY.GDP.MKTP.CD,432198898467.795
Nigeria,NGA,"School enrollment, primary (gross), gender parity index (GPI)",SE.ENR.PRIM.FM.ZS,..
Nigeria,NGA,Access to electricity (% of population),EG.ELC.ACCS.ZS,55.4
Nigeria,NGA,"Incidence of malaria (per 1,000 population at risk)",SH.MLR.INCD.P3,312.650935492847
North Macedonia,MKD,GDP (current US$),NY.GDP.MKTP.CD,12361036913.8409
North Macedonia,MKD,"School enrollment, primary (gross), gender parity index (GPI)",SE.ENR.PRIM.FM.ZS,0.999520003795624
North Macedonia,MKD,Access to electricity (% of population),EG.ELC.ACCS.ZS,100
North Macedonia,MKD,"Incidence of malaria (per 1,000 population at risk)",SH.MLR.INCD.P3,..
Northern Mariana Islands,MNP,GDP (current US$),NY.GDP.MKTP.CD,866000000
Northern Mariana Islands,MNP,"School enrollment, primary (gross), gender parity index (GPI)",SE.ENR.PRIM.FM.ZS,..
Northern Mariana Islands,MNP,Access to electricity (% of population),EG.ELC.ACCS.ZS,100
Northern Mariana Islands,MNP,"Incidence of malaria (per 1,000 population at risk)",SH.MLR.INCD.P3,..
Norway,NOR,GDP (current US$),NY.GDP.MKTP.CD,367633418886.627
Norway,NOR,"School enrollment, primary (gross), gender parity index (GPI)",SE.ENR.PRIM.FM.ZS,1.00313997268677
Norway,NOR,Access to electricity (% of population),EG.ELC.ACCS.ZS,100
Norway,NOR,"Incidence of malaria (per 1,000 population at risk)",SH.MLR.INCD.P3,..
Oman,OMN,GDP (current US$),NY.GDP.MKTP.CD,75909492847.8544
Oman,OMN,"School enrollment, primary (gross), gender parity index (GPI)",SE.ENR.PRIM.FM.ZS,1.06295001506805
Oman,OMN,Access to electricity (% of population),EG.ELC.ACCS.ZS,100
Oman,OMN,"Incidence of malaria (per 1,000 population at risk)",SH.MLR.INCD.P3,0
Pakistan,PAK,GDP (current US$),NY.GDP.MKTP.CD,300425609817.981
Pakistan,PAK,"School enrollment, primary (gross), gender parity index (GPI)",SE.ENR.PRIM.FM.ZS,..
Pakistan,PAK,Access to electricity (% of population),EG.ELC.ACCS.ZS,94.5
Pakistan,PAK,"Incidence of malaria (per 1,000 population at risk)",SH.MLR.INCD.P3,2.43007028721959
Palau,PLW,GDP (current US$),NY.GDP.MKTP.CD,258990843.75
Palau,PLW,"School enrollment, primary (gross), gender parity index (GPI)",SE.ENR.PRIM.FM.ZS,1.07368004322052
Palau,PLW,Access to electricity (% of population),EG.ELC.ACCS.ZS,100
Palau,PLW,"Incidence of malaria (per 1,000 population at risk)",SH.MLR.INCD.P3,..
Panama,PAN,GDP (current US$),NY.GDP.MKTP.CD,57059846500
Panama,PAN,"School enrollment, primary (gross), gender parity index (GPI)",SE.ENR.PRIM.FM.ZS,0.989149987697601
Panama,PAN,Access to electricity (% of population),EG.ELC.ACCS.ZS,95.3
Panama,PAN,"Incidence of malaria (per 1,000 population at risk)",SH.MLR.INCD.P3,0.7128346734463
Papua New Guinea,PNG,GDP (current US$),NY.GDP.MKTP.CD,23848447849.7467
Papua New Guinea,PNG,"School enrollment, primary (gross), gender parity index (GPI)",SE.ENR.PRIM.FM.ZS,..
Papua New Guinea,PNG,Access to electricity (% of population),EG.ELC.ACCS.ZS,20.5
Papua New Guinea,PNG,"Incidence of malaria (per 1,000 population at risk)",SH.MLR.INCD.P3,150.787105985452
Paraguay,PRY,GDP (current US$),NY.GDP.MKTP.CD,35432178068.1814
Paraguay,PRY,"School enrollment, primary (gross), gender parity index (GPI)",SE.ENR.PRIM.FM.ZS,..
Paraguay,PRY,Access to electricity (% of population),EG.ELC.ACCS.ZS,99.7
Paraguay,PRY,"Incidence of malaria (per 1,000 population at risk)",SH.MLR.INCD.P3,0
Peru,PER,GDP (current US$),NY.GDP.MKTP.CD,201409694755.934
Peru,PER,"School enrollment, primary (gross), gender parity index (GPI)",SE.ENR.PRIM.FM.ZS,0.962400019168854
Peru,PER,Access to electricity (% of population),EG.ELC.ACCS.ZS,96.2
Peru,PER,"Incidence of malaria (per 1,000 population at risk)",SH.MLR.INCD.P3,2.27394783565958
Philippines,PHL,GDP (current US$),NY.GDP.MKTP.CD,361751145451.597
Philippines,PHL,"School enrollment, primary (gross), gender parity index (GPI)",SE.ENR.PRIM.FM.ZS,0.976088404655457
Philippines,PHL,Access to electricity (% of population),EG.ELC.ACCS.ZS,96.4
Philippines,PHL,"Incidence of malaria (per 1,000 population at risk)",SH.MLR.INCD.P3,0.231839154859663
Poland,POL,GDP (current US$),NY.GDP.MKTP.CD,605914237903.742
Poland,POL,"School enrollment, primary (gross), gender parity index (GPI)",SE.ENR.PRIM.FM.ZS,0.96372002363205
Poland,POL,Access to electricity (% of population),EG.ELC.ACCS.ZS,100
Poland,POL,"Incidence of malaria (per 1,000 population at risk)",SH.MLR.INCD.P3,..
Portugal,PRT,GDP (current US$),NY.GDP.MKTP.CD,229618773422.577
Portugal,PRT,"School enrollment, primary (gross), gender parity index (GPI)",SE.ENR.PRIM.FM.ZS,0.988300025463104
Portugal,PRT,Access to electricity (% of population),EG.ELC.ACCS.ZS,100
Portugal,PRT,"Incidence of malaria (per 1,000 population at risk)",SH.MLR.INCD.P3,..
Puerto Rico,PRI,GDP (current US$),NY.GDP.MKTP.CD,103130900000
Puerto Rico,PRI,"School enrollment, primary (gross), gender parity index (GPI)",SE.ENR.PRIM.FM.ZS,..
Puerto Rico,PRI,Access to electricity (% of population),EG.ELC.ACCS.ZS,100
Puerto Rico,PRI,"Incidence of malaria (per 1,000 population at risk)",SH.MLR.INCD.P3,..
Qatar,QAT,GDP (current US$),NY.GDP.MKTP.CD,144411363345.27
Qatar,QAT,"School enrollment, primary (gross), gender parity index (GPI)",SE.ENR.PRIM.FM.ZS,1.03399002552032
Qatar,QAT,Access to electricity (% of population),EG.ELC.ACCS.ZS,100
Qatar,QAT,"Incidence of malaria (per 1,000 population at risk)",SH.MLR.INCD.P3,..
Romania,ROU,GDP (current US$),NY.GDP.MKTP.CD,252033792712.145
Romania,ROU,"School enrollment, primary (gross), gender parity index (GPI)",SE.ENR.PRIM.FM.ZS,0.99057000875473
Romania,ROU,Access to electricity (% of population),EG.ELC.ACCS.ZS,100
Romania,ROU,"Incidence of malaria (per 1,000 population at risk)",SH.MLR.INCD.P3,..
Russian Federation,RUS,GDP (current US$),NY.GDP.MKTP.CD,1493075894362.14
Russian Federation,RUS,"School enrollment, primary (gross), gender parity index (GPI)",SE.ENR.PRIM.FM.ZS,..
Russian Federation,RUS,Access to electricity (% of population),EG.ELC.ACCS.ZS,99.9
Russian Federation,RUS,"Incidence of malaria (per 1,000 population at risk)",SH.MLR.INCD.P3,..
Rwanda,RWA,GDP (current US$),NY.GDP.MKTP.CD,10174387374.3478
Rwanda,RWA,"School enrollment, primary (gross), gender parity index (GPI)",SE.ENR.PRIM.FM.ZS,..
Rwanda,RWA,Access to electricity (% of population),EG.ELC.ACCS.ZS,45.2
Rwanda,RWA,"Incidence of malaria (per 1,000 population at risk)",SH.MLR.INCD.P3,211.811069861
Samoa,WSM,GDP (current US$),NY.GDP.MKTP.CD,868898358.266437
Samoa,WSM,"School enrollment, primary (gross), gender parity index (GPI)",SE.ENR.PRIM.FM.ZS,0.987460017204285
Samoa,WSM,Access to electricity (% of population),EG.ELC.ACCS.ZS,100
Samoa,WSM,"Incidence of malaria (per 1,000 population at risk)",SH.MLR.INCD.P3,..
San Marino,SMR,GDP (current US$),NY.GDP.MKTP.CD,1544714493.24409
San Marino,SMR,"School enrollment, primary (gross), gender parity index (GPI)",SE.ENR.PRIM.FM.ZS,0.975539982318878
San Marino,SMR,Access to electricity (% of population),EG.ELC.ACCS.ZS,100
San Marino,SMR,"Incidence of malaria (per 1,000 population at risk)",SH.MLR.INCD.P3,..
Sao Tome and Principe,STP,GDP (current US$),NY.GDP.MKTP.CD,471229484.607144
Sao Tome and Principe,STP,"School enrollment, primary (gross), gender parity index (GPI)",SE.ENR.PRIM.FM.ZS,..
Sao Tome and Principe,STP,Access to electricity (% of population),EG.ELC.ACCS.ZS,76.8
Sao Tome and Principe,STP,"Incidence of malaria (per 1,000 population at risk)",SH.MLR.INCD.P3,8.84097676099176
Saudi Arabia,SAU,GDP (current US$),NY.GDP.MKTP.CD,734271200000
Saudi Arabia,SAU,"School enrollment, primary (gross), gender parity index (GPI)",SE.ENR.PRIM.FM.ZS,1.01923000812531
Saudi Arabia,SAU,Access to electricity (% of population),EG.ELC.ACCS.ZS,100
Saudi Arabia,SAU,"Incidence of malaria (per 1,000 population at risk)",SH.MLR.INCD.P3,0.0215024012741857
Senegal,SEN,GDP (current US$),NY.GDP.MKTP.CD,24530513037.7518
Senegal,SEN,"School enrollment, primary (gross), gender parity index (GPI)",SE.ENR.PRIM.FM.ZS,1.15101003646851
Senegal,SEN,Access to electricity (% of population),EG.ELC.ACCS.ZS,64.3
Senegal,SEN,"Incidence of malaria (per 1,000 population at risk)",SH.MLR.INCD.P3,43.9166299588954
Serbia,SRB,GDP (current US$),NY.GDP.MKTP.CD,55874017668.998
Serbia,SRB,"School enrollment, primary (gross), gender parity index (GPI)",SE.ENR.PRIM.FM.ZS,0.998870015144348
Serbia,SRB,Access to electricity (% of population),EG.ELC.ACCS.ZS,100
Serbia,SRB,"Incidence of malaria (per 1,000 population at risk)",SH.MLR.INCD.P3,..
Seychelles,SYC,GDP (current US$),NY.GDP.MKTP.CD,1382551751.56908
Seychelles,SYC,"School enrollment, primary (gross), gender parity index (GPI)",SE.ENR.PRIM.FM.ZS,1.04321002960205
Seychelles,SYC,Access to electricity (% of population),EG.ELC.ACCS.ZS,100
Seychelles,SYC,"Incidence of malaria (per 1,000 population at risk)",SH.MLR.INCD.P3,..
Sierra Leone,SLE,GDP (current US$),NY.GDP.MKTP.CD,6688594757.62129
Sierra Leone,SLE,"School enrollment, primary (gross), gender parity index (GPI)",SE.ENR.PRIM.FM.ZS,1.03372001647949
Sierra Leone,SLE,Access to electricity (% of population),EG.ELC.ACCS.ZS,26.3
Sierra Leone,SLE,"Incidence of malaria (per 1,000 population at risk)",SH.MLR.INCD.P3,324.481507705275
Singapore,SGP,GDP (current US$),NY.GDP.MKTP.CD,349488382610.662
Singapore,SGP,"School enrollment, primary (gross), gender parity index (GPI)",SE.ENR.PRIM.FM.ZS,0.999549984931946
Singapore,SGP,Access to electricity (% of population),EG.ELC.ACCS.ZS,100
Singapore,SGP,"Incidence of malaria (per 1,000 population at risk)",SH.MLR.INCD.P3,..
Sint Maarten (Dutch part),SXM,GDP (current US$),NY.GDP.MKTP.CD,1236428100.55866
Sint Maarten (Dutch part),SXM,"School enrollment, primary (gross), gender parity index (GPI)",SE.ENR.PRIM.FM.ZS,..
Sint Maarten (Dutch part),SXM,Access to electricity (% of population),EG.ELC.ACCS.ZS,100
Sint Maarten (Dutch part),SXM,"Incidence of malaria (per 1,000 population at risk)",SH.MLR.INCD.P3,..
Slovak Republic,SVK,GDP (current US$),NY.GDP.MKTP.CD,107732602896.441
Slovak Republic,SVK,"School enrollment, primary (gross), gender parity index (GPI)",SE.ENR.PRIM.FM.ZS,0.996540009975433
Slovak Republic,SVK,Access to electricity (% of population),EG.ELC.ACCS.ZS,100
Slovak Republic,SVK,"Incidence of malaria (per 1,000 population at risk)",SH.MLR.INCD.P3,..
Slovenia,SVN,GDP (current US$),NY.GDP.MKTP.CD,53384760135.1581
Slovenia,SVN,"School enrollment, primary (gross), gender parity index (GPI)",SE.ENR.PRIM.FM.ZS,0.998000025749207
Slovenia,SVN,Access to electricity (% of population),EG.ELC.ACCS.ZS,100
Slovenia,SVN,"Incidence of malaria (per 1,000 population at risk)",SH.MLR.INCD.P3,..
Solomon Islands,SLB,GDP (current US$),NY.GDP.MKTP.CD,1536145814.17007
Solomon Islands,SLB,"School enrollment, primary (gross), gender parity index (GPI)",SE.ENR.PRIM.FM.ZS,..
Solomon Islands,SLB,Access to electricity (% of population),EG.ELC.ACCS.ZS,72.9
Solomon Islands,SLB,"Incidence of malaria (per 1,000 population at risk)",SH.MLR.INCD.P3,164.798276726306
Somalia,SOM,GDP (current US$),NY.GDP.MKTP.CD,8628393719.99922
Somalia,SOM,"School enrollment, primary (gross), gender parity index (GPI)",SE.ENR.PRIM.FM.ZS,..
Somalia,SOM,Access to electricity (% of population),EG.ELC.ACCS.ZS,49.9
Somalia,SOM,"Incidence of malaria (per 1,000 population at risk)",SH.MLR.INCD.P3,56.1073412518921
South Africa,ZAF,GDP (current US$),NY.GDP.MKTP.CD,337974655408.055
South Africa,ZAF,"School enrollment, primary (gross), gender parity index (GPI)",SE.ENR.PRIM.FM.ZS,0.959590017795563
South Africa,ZAF,Access to electricity (% of population),EG.ELC.ACCS.ZS,90
South Africa,ZAF,"Incidence of malaria (per 1,000 population at risk)",SH.MLR.INCD.P3,0.758988822133699
South Sudan,SSD,GDP (current US$),NY.GDP.MKTP.CD,..
South Sudan,SSD,"School enrollment, primary (gross), gender parity index (GPI)",SE.ENR.PRIM.FM.ZS,..
South Sudan,SSD,Access to electricity (% of population),EG.ELC.ACCS.ZS,7.3
South Sudan,SSD,"Incidence of malaria (per 1,000 population at risk)",SH.MLR.INCD.P3,283.13122093276
Spain,ESP,GDP (current US$),NY.GDP.MKTP.CD,1289783836971.21
Spain,ESP,"School enrollment, primary (gross), gender parity index (GPI)",SE.ENR.PRIM.FM.ZS,1.01031005382538
Spain,ESP,Access to electricity (% of population),EG.ELC.ACCS.ZS,100
Spain,ESP,"Incidence of malaria (per 1,000 population at risk)",SH.MLR.INCD.P3,..
Sri Lanka,LKA,GDP (current US$),NY.GDP.MKTP.CD,84304298770.5329
Sri Lanka,LKA,"School enrollment, primary (gross), gender parity index (GPI)",SE.ENR.PRIM.FM.ZS,1.00074994564056
Sri Lanka,LKA,Access to electricity (% of population),EG.ELC.ACCS.ZS,100
Sri Lanka,LKA,"Incidence of malaria (per 1,000 population at risk)",SH.MLR.INCD.P3,0
St. Kitts and Nevis,KNA,GDP (current US$),NY.GDP.MKTP.CD,883922222.222222
St. Kitts and Nevis,KNA,"School enrollment, primary (gross), gender parity index (GPI)",SE.ENR.PRIM.FM.ZS,..
St. Kitts and Nevis,KNA,Access to electricity (% of population),EG.ELC.ACCS.ZS,100
St. Kitts and Nevis,KNA,"Incidence of malaria (per 1,000 population at risk)",SH.MLR.INCD.P3,..
St. Lucia,LCA,GDP (current US$),NY.GDP.MKTP.CD,1499296296.2963
St. Lucia,LCA,"School enrollment, primary (gross), gender parity index (GPI)",SE.ENR.PRIM.FM.ZS,1.02502000331879
St. Lucia,LCA,Access to electricity (% of population),EG.ELC.ACCS.ZS,100
St. Lucia,LCA,"Incidence of malaria (per 1,000 population at risk)",SH.MLR.INCD.P3,..
St. Martin (French part),MAF,GDP (current US$),NY.GDP.MKTP.CD,..
St. Martin (French part),MAF,"School enrollment, primary (gross), gender parity index (GPI)",SE.ENR.PRIM.FM.ZS,..
St. Martin (French part),MAF,Access to electricity (% of population),EG.ELC.ACCS.ZS,100
St. Martin (French part),MAF,"Incidence of malaria (per 1,000 population at risk)",SH.MLR.INCD.P3,..
St. Vincent and the Grenadines,VCT,GDP (current US$),NY.GDP.MKTP.CD,869111111.111111
St. Vincent and the Grenadines,VCT,"School enrollment, primary (gross), gender parity index (GPI)",SE.ENR.PRIM.FM.ZS,0.979326725006104
St. Vincent and the Grenadines,VCT,Access to electricity (% of population),EG.ELC.ACCS.ZS,100
St. Vincent and the Grenadines,VCT,"Incidence of malaria (per 1,000 population at risk)",SH.MLR.INCD.P3,..
Sudan,SDN,GDP (current US$),NY.GDP.MKTP.CD,27034593750
Sudan,SDN,"School enrollment, primary (gross), gender parity index (GPI)",SE.ENR.PRIM.FM.ZS,..
Sudan,SDN,Access to electricity (% of population),EG.ELC.ACCS.ZS,59.7
Sudan,SDN,"Incidence of malaria (per 1,000 population at risk)",SH.MLR.INCD.P3,73.3983779796907
Suriname,SUR,GDP (current US$),NY.GDP.MKTP.CD,2911807496.20227
Suriname,SUR,"School enrollment, primary (gross), gender parity index (GPI)",SE.ENR.PRIM.FM.ZS,0.999650001525879
Suriname,SUR,Access to electricity (% of population),EG.ELC.ACCS.ZS,98.4
Suriname,SUR,"Incidence of malaria (per 1,000 population at risk)",SH.MLR.INCD.P3,1.70638948061073
Sweden,SWE,GDP (current US$),NY.GDP.MKTP.CD,545147614972.141
Sweden,SWE,"School enrollment, primary (gross), gender parity index (GPI)",SE.ENR.PRIM.FM.ZS,1.0529899597168
Sweden,SWE,Access to electricity (% of population),EG.ELC.ACCS.ZS,100
Sweden,SWE,"Incidence of malaria (per 1,000 population at risk)",SH.MLR.INCD.P3,..
Switzerland,CHE,GDP (current US$),NY.GDP.MKTP.CD,741999406005.627
Switzerland,CHE,"School enrollment, primary (gross), gender parity index (GPI)",SE.ENR.PRIM.FM.ZS,0.993499994277954
Switzerland,CHE,Access to electricity (% of population),EG.ELC.ACCS.ZS,100
Switzerland,CHE,"Incidence of malaria (per 1,000 population at risk)",SH.MLR.INCD.P3,..
Syrian Arab Republic,SYR,GDP (current US$),NY.GDP.MKTP.CD,12047752036.091
Syrian Arab Republic,SYR,"School enrollment, primary (gross), gender parity index (GPI)",SE.ENR.PRIM.FM.ZS,..
Syrian Arab Republic,SYR,Access to electricity (% of population),EG.ELC.ACCS.ZS,89
Syrian Arab Republic,SYR,"Incidence of malaria (per 1,000 population at risk)",SH.MLR.INCD.P3,0
Tajikistan,TJK,GDP (current US$),NY.GDP.MKTP.CD,8133963550.65742
Tajikistan,TJK,"School enrollment, primary (gross), gender parity index (GPI)",SE.ENR.PRIM.FM.ZS,..
Tajikistan,TJK,Access to electricity (% of population),EG.ELC.ACCS.ZS,99.5
Tajikistan,TJK,"Incidence of malaria (per 1,000 population at risk)",SH.MLR.INCD.P3,0
Tanzania,TZA,GDP (current US$),NY.GDP.MKTP.CD,66068737786.0639
Tanzania,TZA,"School enrollment, primary (gross), gender parity index (GPI)",SE.ENR.PRIM.FM.ZS,1.0300999879837
Tanzania,TZA,Access to electricity (% of population),EG.ELC.ACCS.ZS,39.9
Tanzania,TZA,"Incidence of malaria (per 1,000 population at risk)",SH.MLR.INCD.P3,117.346962588802
Thailand,THA,GDP (current US$),NY.GDP.MKTP.CD,500461898480.246
Thailand,THA,"School enrollment, primary (gross), gender parity index (GPI)",SE.ENR.PRIM.FM.ZS,0.994507431983948
Thailand,THA,Access to electricity (% of population),EG.ELC.ACCS.ZS,100
Thailand,THA,"Incidence of malaria (per 1,000 population at risk)",SH.MLR.INCD.P3,0.230255023474511
Timor-Leste,TLS,GDP (current US$),NY.GDP.MKTP.CD,2162619200
Timor-Leste,TLS,"School enrollment, primary (gross), gender parity index (GPI)",SE.ENR.PRIM.FM.ZS,0.981068789958954
Timor-Leste,TLS,Access to electricity (% of population),EG.ELC.ACCS.ZS,96
Timor-Leste,TLS,"Incidence of malaria (per 1,000 population at risk)",SH.MLR.INCD.P3,0.0024536726162775
Togo,TGO,GDP (current US$),NY.GDP.MKTP.CD,7400284167.78479
Togo,TGO,"School enrollment, primary (gross), gender parity index (GPI)",SE.ENR.PRIM.FM.ZS,0.971189975738525
Togo,TGO,Access to electricity (% of population),EG.ELC.ACCS.ZS,54.1
Togo,TGO,"Incidence of malaria (per 1,000 population at risk)",SH.MLR.INCD.P3,236.218549306018
Tonga,TON,GDP (current US$),NY.GDP.MKTP.CD,496856295.76752
Tonga,TON,"School enrollment, primary (gross), gender parity index (GPI)",SE.ENR.PRIM.FM.ZS,0.9548100233078
Tonga,TON,Access to electricity (% of population),EG.ELC.ACCS.ZS,99.9
Tonga,TON,"Incidence of malaria (per 1,000 population at risk)",SH.MLR.INCD.P3,..
Trinidad and Tobago,TTO,GDP (current US$),NY.GDP.MKTP.CD,20807716174.0546
Trinidad and Tobago,TTO,"School enrollment, primary (gross), gender parity index (GPI)",SE.ENR.PRIM.FM.ZS,..
Trinidad and Tobago,TTO,Access to electricity (% of population),EG.ELC.ACCS.ZS,100
Trinidad and Tobago,TTO,"Incidence of malaria (per 1,000 population at risk)",SH.MLR.INCD.P3,..
Tunisia,TUN,GDP (current US$),NY.GDP.MKTP.CD,42491780918.361
Tunisia,TUN,"School enrollment, primary (gross), gender parity index (GPI)",SE.ENR.PRIM.FM.ZS,0.984579980373383
Tunisia,TUN,Access to electricity (% of population),EG.ELC.ACCS.ZS,99.9
Tunisia,TUN,"Incidence of malaria (per 1,000 population at risk)",SH.MLR.INCD.P3,..
Turkiye,TUR,GDP (current US$),NY.GDP.MKTP.CD,720338490327.248
Turkiye,TUR,"School enrollment, primary (gross), gender parity index (GPI)",SE.ENR.PRIM.FM.ZS,0.985870003700256
Turkiye,TUR,Access to electricity (% of population),EG.ELC.ACCS.ZS,100
Turkiye,TUR,"Incidence of malaria (per 1,000 population at risk)",SH.MLR.INCD.P3,..
Turkmenistan,TKM,GDP (current US$),NY.GDP.MKTP.CD,45818000000
Turkmenistan,TKM,"School enrollment, primary (gross), gender parity index (GPI)",SE.ENR.PRIM.FM.ZS,0.98199999332428
Turkmenistan,TKM,Access to electricity (% of population),EG.ELC.ACCS.ZS,100
Turkmenistan,TKM,"Incidence of malaria (per 1,000 population at risk)",SH.MLR.INCD.P3,0
Turks and Caicos Islands,TCA,GDP (current US$),NY.GDP.MKTP.CD,774653669.315186
Turks and Caicos Islands,TCA,"School enrollment, primary (gross), gender parity index (GPI)",SE.ENR.PRIM.FM.ZS,1.04674994945526
Turks and Caicos Islands,TCA,Access to electricity (% of population),EG.ELC.ACCS.ZS,99.4
Turks and Caicos Islands,TCA,"Incidence of malaria (per 1,000 population at risk)",SH.MLR.INCD.P3,..
Tuvalu,TUV,GDP (current US$),NY.GDP.MKTP.CD,51746594.3148543
Tuvalu,TUV,"School enrollment, primary (gross), gender parity index (GPI)",SE.ENR.PRIM.FM.ZS,1.0110399723053
Tuvalu,TUV,Access to electricity (% of population),EG.ELC.ACCS.ZS,99.4
Tuvalu,TUV,"Incidence of malaria (per 1,000 population at risk)",SH.MLR.INCD.P3,..
Uganda,UGA,GDP (current US$),NY.GDP.MKTP.CD,37600368241.6657
Uganda,UGA,"School enrollment, primary (gross), gender parity index (GPI)",SE.ENR.PRIM.FM.ZS,..
Uganda,UGA,Access to electricity (% of population),EG.ELC.ACCS.ZS,42.1
Uganda,UGA,"Incidence of malaria (per 1,000 population at risk)",SH.MLR.INCD.P3,283.817529248595
Ukraine,UKR,GDP (current US$),NY.GDP.MKTP.CD,156617722013.342
Ukraine,UKR,"School enrollment, primary (gross), gender parity index (GPI)",SE.ENR.PRIM.FM.ZS,..
Ukraine,UKR,Access to electricity (% of population),EG.ELC.ACCS.ZS,100
Ukraine,UKR,"Incidence of malaria (per 1,000 population at risk)",SH.MLR.INCD.P3,..
United Arab Emirates,ARE,GDP (current US$),NY.GDP.MKTP.CD,349473015336.939
United Arab Emirates,ARE,"School enrollment, primary (gross), gender parity index (GPI)",SE.ENR.PRIM.FM.ZS,1.00943005084991
United Arab Emirates,ARE,Access to electricity (% of population),EG.ELC.ACCS.ZS,100
United Arab Emirates,ARE,"Incidence of malaria (per 1,000 population at risk)",SH.MLR.INCD.P3,0
United Kingdom,GBR,GDP (current US$),NY.GDP.MKTP.CD,2696778386607.65
United Kingdom,GBR,"School enrollment, primary (gross), gender parity index (GPI)",SE.ENR.PRIM.FM.ZS,0.997720003128052
United Kingdom,GBR,Access to electricity (% of population),EG.ELC.ACCS.ZS,100
United Kingdom,GBR,"Incidence of malaria (per 1,000 population at risk)",SH.MLR.INCD.P3,..
United States,USA,GDP (current US$),NY.GDP.MKTP.CD,21354105000000
United States,USA,"School enrollment, primary (gross), gender parity index (GPI)",SE.ENR.PRIM.FM.ZS,0.995100021362305
United States,USA,Access to electricity (% of population),EG.ELC.ACCS.ZS,100
United States,USA,"Incidence of malaria (per 1,000 population at risk)",SH.MLR.INCD.P3,..
Uruguay,URY,GDP (current US$),NY.GDP.MKTP.CD,53668636567.8667
Uruguay,URY,"School enrollment, primary (gross), gender parity index (GPI)",SE.ENR.PRIM.FM.ZS,0.9896399974823
Uruguay,URY,Access to electricity (% of population),EG.ELC.ACCS.ZS,100
Uruguay,URY,"Incidence of malaria (per 1,000 population at risk)",SH.MLR.INCD.P3,..
Uzbekistan,UZB,GDP (current US$),NY.GDP.MKTP.CD,66443265418.3086
Uzbekistan,UZB,"School enrollment, primary (gross), gender parity index (GPI)",SE.ENR.PRIM.FM.ZS,0.981760025024414
Uzbekistan,UZB,Access to electricity (% of population),EG.ELC.ACCS.ZS,100
Uzbekistan,UZB,"Incidence of malaria (per 1,000 population at risk)",SH.MLR.INCD.P3,0
Vanuatu,VUT,GDP (current US$),NY.GDP.MKTP.CD,909421043.508407
Vanuatu,VUT,"School enrollment, primary (gross), gender parity index (GPI)",SE.ENR.PRIM.FM.ZS,0.976840019226074
Vanuatu,VUT,Access to electricity (% of population),EG.ELC.ACCS.ZS,67.3
Vanuatu,VUT,"Incidence of malaria (per 1,000 population at risk)",SH.MLR.INCD.P3,2.91961435423585
"Venezuela, RB",VEN,GDP (current US$),NY.GDP.MKTP.CD,..
"Venezuela, RB",VEN,"School enrollment, primary (gross), gender parity index (GPI)",SE.ENR.PRIM.FM.ZS,..
"Venezuela, RB",VEN,Access to electricity (% of population),EG.ELC.ACCS.ZS,99.9
"Venezuela, RB",VEN,"Incidence of malaria (per 1,000 population at risk)",SH.MLR.INCD.P3,15.6788667305103
Viet Nam,VNM,GDP (current US$),NY.GDP.MKTP.CD,346615738537.796
Viet Nam,VNM,"School enrollment, primary (gross), gender parity index (GPI)",SE.ENR.PRIM.FM.ZS,1.02302002906799
Viet Nam,VNM,Access to electricity (% of population),EG.ELC.ACCS.ZS,99.8
Viet Nam,VNM,"Incidence of malaria (per 1,000 population at risk)",SH.MLR.INCD.P3,0.0193179692675537
Virgin Islands (U.S.),VIR,GDP (current US$),NY.GDP.MKTP.CD,4229000000
Virgin Islands (U.S.),VIR,"School enrollment, primary (gross), gender parity index (GPI)",SE.ENR.PRIM.FM.ZS,..
Virgin Islands (U.S.),VIR,Access to electricity (% of population),EG.ELC.ACCS.ZS,100
Virgin Islands (U.S.),VIR,"Incidence of malaria (per 1,000 population at risk)",SH.MLR.INCD.P3,..
West Bank and Gaza,PSE,GDP (current US$),NY.GDP.MKTP.CD,15531700000
West Bank and Gaza,PSE,"School enrollment, primary (gross), gender parity index (GPI)",SE.ENR.PRIM.FM.ZS,0.995720028877258
West Bank and Gaza,PSE,Access to electricity (% of population),EG.ELC.ACCS.ZS,100
West Bank and Gaza,PSE,"Incidence of malaria (per 1,000 population at risk)",SH.MLR.INCD.P3,..
"Yemen, Rep.",YEM,GDP (current US$),NY.GDP.MKTP.CD,..
"Yemen, Rep.",YEM,"School enrollment, primary (gross), gender parity index (GPI)",SE.ENR.PRIM.FM.ZS,..
"Yemen, Rep.",YEM,Access to electricity (% of population),EG.ELC.ACCS.ZS,73.9
"Yemen, Rep.",YEM,"Incidence of malaria (per 1,000 population at risk)",SH.MLR.INCD.P3,38.5100630328554
Zambia,ZMB,GDP (current US$),NY.GDP.MKTP.CD,18137764930.651
Zambia,ZMB,"School enrollment, primary (gross), gender parity index (GPI)",SE.ENR.PRIM.FM.ZS,..
Zambia,ZMB,Access to electricity (% of population),EG.ELC.ACCS.ZS,44.6
Zambia,ZMB,"Incidence of malaria (per 1,000 population at risk)",SH.MLR.INCD.P3,176.772728415832
Zimbabwe,ZWE,GDP (current US$),NY.GDP.MKTP.CD,26867936444.6826
Zimbabwe,ZWE,"School enrollment, primary (gross), gender parity index (GPI)",SE.ENR.PRIM.FM.ZS,1.00511002540588
Zimbabwe,ZWE,Access to electricity (% of population),EG.ELC.ACCS.ZS,52.7
Zimbabwe,ZWE,"Incidence of malaria (per 1,000 population at risk)",SH.MLR.INCD.P3,93.437665079954
,,,,
,,,,
,,,,
Data from database: World Development Indicators,,,,
Last Updated: 01/28/2025,,,,
